tau_sec,R,ell_avg,I,R_smooth,ell_smooth,I_smooth
656360.1,0.0010000000000000009,0.0005000000000000004,0.0,0.0010000000000000009,0.0005000000000000004,0.48326189749500953
656669.8620300601,0.0010000000000000009,0.0005000000000000004,0.9665237949900191,0.0010000000000000009,0.0005000000000000004,0.6437022344135817
656979.6240601202,0.0010000000000000009,0.0005000000000000004,0.9645829082507259,0.0010000000000000009,0.0005000000000000004,0.9645829082507257
657289.3860901804,0.0010000000000000009,0.0005000000000000004,0.962642021511432,0.0010000000000000009,0.0005000000000000004,0.9626420215114321
657599.1481202404,0.0010000000000000009,0.0005000000000000004,0.9607011347721388,0.0010000000000000009,0.0005000000000000004,0.9607011347721386
657908.9101503006,0.0010000000000000009,0.0005000000000000004,0.9587602480328449,0.0010000000000000009,0.0005000000000000004,0.9587602480328451
658218.6721803606,0.0010000000000000009,0.0005000000000000004,0.9568193612935516,0.0010000000000000009,0.0005000000000000004,0.9568193612935514
658528.4342104208,0.0010000000000000009,0.0005000000000000004,0.9548784745542577,0.0010000000000000009,0.0005000000000000004,0.9548784745542577
658838.196240481,0.0010000000000000009,0.0005000000000000004,0.9529375878149637,0.0010000000000000009,0.0005000000000000004,0.9529375878149638
659147.958270541,0.0010000000000000009,0.0005000000000000004,0.9509967010756706,0.0010000000000000009,0.0005000000000000004,0.9509967010756704
659457.7203006012,0.0010000000000000009,0.0005000000000000004,0.9490558143363766,0.0010000000000000009,0.0005000000000000004,0.9490558143363769
659767.4823306613,0.0010000000000000009,0.0005000000000000004,0.9471149275970835,0.0010000000000000009,0.0005000000000000004,0.9471149275970833
660077.2443607214,0.0010000000000000009,0.0005000000000000004,0.9451740408577896,0.0010000000000000009,0.0005000000000000004,0.9451740408577898
660387.0063907815,0.0010000000000000009,0.0005000000000000004,0.9432331541184963,0.0010000000000000009,0.0005000000000000004,0.9432331541184961
660696.7684208417,0.0010000000000000009,0.0005000000000000004,0.9412922673792024,0.0010000000000000009,0.0005000000000000004,0.9412922673792025
661006.5304509018,0.0010000000000000009,0.0005000000000000004,0.9393513806399084,0.0010000000000000009,0.0005000000000000004,0.9393513806399086
661316.2924809619,0.0010000000000000009,0.0005000000000000004,0.9374104939006153,0.0010000000000000009,0.0005000000000000004,0.937410493900615
661626.054511022,0.0010000000000000009,0.0005000000000000004,0.9354696071613213,0.0010000000000000009,0.0005000000000000004,0.9354696071613215
661935.8165410821,0.0010000000000000009,0.0005000000000000004,0.9335287204220282,0.0010000000000000009,0.0005000000000000004,0.9335287204220278
662245.5785711423,0.0010000000000000009,0.0005000000000000004,0.9315878336827342,0.0010000000000000009,0.0005000000000000004,0.9315878336827345
662555.3406012023,0.0010000000000000009,0.0005000000000000004,0.929646946943441,0.0010000000000000009,0.0005000000000000004,0.9296469469434409
662865.1026312625,0.0010000000000000009,0.0005000000000000004,0.9277060602041471,0.0010000000000000009,0.0005000000000000004,0.9277060602041471
663174.8646613227,0.0010000000000000009,0.0005000000000000004,0.9257651734648532,0.0010000000000000009,0.0005000000000000004,0.9257651734648534
663484.6266913827,0.0010000000000000009,0.0005000000000000004,0.9238242867255599,0.0010000000000000009,0.0005000000000000004,0.9238242867255598
663794.3887214429,0.0010000000000000009,0.0005000000000000004,0.921883399986266,0.0010000000000000009,0.0005000000000000004,0.9218833999862662
664104.150751503,0.0010000000000000009,0.0005000000000000004,0.9199425132469728,0.0010000000000000009,0.0005000000000000004,0.9199425132469726
664413.9127815631,0.0010000000000000009,0.0005000000000000004,0.9180016265076789,0.0010000000000000009,0.0005000000000000004,0.9180016265076792
664723.6748116232,0.0010000000000000009,0.0005000000000000004,0.9160607397683858,0.0010000000000000009,0.0005000000000000004,0.9160607397683855
665033.4368416833,0.0010000000000000009,0.0005000000000000004,0.9141198530290918,0.0010000000000000009,0.0005000000000000004,0.9141198530290918
665343.1988717435,0.0010000000000000009,0.0005000000000000004,0.9121789662897979,0.0010000000000000009,0.0005000000000000004,0.912178966289798
665652.9609018036,0.0010000000000000009,0.0005000000000000004,0.9102380795505046,0.0010000000000000009,0.0005000000000000004,0.9102380795505044
665962.7229318637,0.0010000000000000009,0.0005000000000000004,0.9082971928112107,0.0010000000000000009,0.0005000000000000004,0.908297192811211
666272.4849619238,0.0010000000000000009,0.0005000000000000004,0.9063563060719175,0.0010000000000000009,0.0005000000000000004,0.9063563060719173
666582.246991984,0.0010000000000000009,0.0005000000000000004,0.9044154193326236,0.0010000000000000009,0.0005000000000000004,0.9044154193326239
666892.009022044,0.0010000000000000009,0.0005000000000000004,0.9024745325933304,0.0010000000000000009,0.0005000000000000004,0.9024745325933301
667201.7710521042,0.0010000000000000009,0.0005000000000000004,0.9005336458540365,0.0010000000000000009,0.0005000000000000004,0.9005336458540366
667511.5330821644,0.0010000000000000009,0.0005000000000000004,0.8985927591147426,0.0010000000000000009,0.0005000000000000004,0.8985927591147428
667821.2951122244,0.0010000000000000009,0.0005000000000000004,0.8966518723754493,0.0010000000000000009,0.0005000000000000004,0.8966518723754491
668131.0571422846,0.0010000000000000009,0.0005000000000000004,0.8947109856361554,0.0010000000000000009,0.0005000000000000004,0.8947109856361557
668440.8191723446,0.0010000000000000009,0.0005000000000000004,0.8927700988968622,0.0010000000000000009,0.0005000000000000004,0.8927700988968619
668750.5812024048,0.0010000000000000009,0.0005000000000000004,0.8908292121575683,0.0010000000000000009,0.0005000000000000004,0.8908292121575686
669060.3432324649,0.0010000000000000009,0.0005000000000000004,0.8888883254182751,0.0010000000000000009,0.0005000000000000004,0.8888883254182748
669370.105262525,0.0010000000000000009,0.0005000000000000004,0.8869474386789812,0.0010000000000000009,0.0005000000000000004,0.8869474386789812
669679.8672925852,0.0010000000000000009,0.0005000000000000004,0.8850065519396872,0.0010000000000000009,0.0005000000000000004,0.8850065519396875
669989.6293226453,0.0010000000000000009,0.0005000000000000004,0.8830656652003941,0.0010000000000000009,0.0005000000000000004,0.8830656652003938
670299.3913527054,0.0010000000000000009,0.0005000000000000004,0.8811247784611,0.0010000000000000009,0.0005000000000000004,0.8811247784611004
670609.1533827655,0.0010000000000000009,0.0005000000000000004,0.8791838917218069,0.0010000000000000009,0.0005000000000000004,0.8791838917218066
670918.9154128256,0.0010000000000000009,0.0005000000000000004,0.877243004982513,0.0010000000000000009,0.0005000000000000004,0.8772430049825132
671228.6774428857,0.0010000000000000009,0.0005000000000000004,0.8753021182432198,0.0010000000000000009,0.0005000000000000004,0.8753021182432196
671538.4394729459,0.0010000000000000009,0.0005000000000000004,0.8733612315039259,0.0010000000000000009,0.0005000000000000004,0.8733612315039259
671848.201503006,0.0010000000000000009,0.0005000000000000004,0.8714203447646319,0.0010000000000000009,0.0005000000000000004,0.8714203447646321
672157.9635330661,0.0010000000000000009,0.0005000000000000004,0.8694794580253387,0.0010000000000000009,0.0005000000000000004,0.8694794580253385
672467.7255631263,0.0010000000000000009,0.0005000000000000004,0.8675385712860448,0.0010000000000000009,0.0005000000000000004,0.867538571286045
672777.4875931863,0.0010000000000000009,0.0005000000000000004,0.8655976845467516,0.0010000000000000009,0.0005000000000000004,0.8655976845467513
673087.2496232465,0.0010000000000000009,0.0005000000000000004,0.8636567978074576,0.0010000000000000009,0.0005000000000000004,0.863656797807458
673397.0116533065,0.0010000000000000009,0.0005000000000000004,0.8617159110681645,0.0010000000000000009,0.0005000000000000004,0.8617159110681643
673706.7736833667,0.0010000000000000009,0.0005000000000000004,0.8597750243288705,0.0010000000000000009,0.0005000000000000004,0.8597750243288705
674016.5357134269,0.0010000000000000009,0.0005000000000000004,0.8578341375895766,0.0010000000000000009,0.0005000000000000004,0.8578341375895769
674326.2977434869,0.0010000000000000009,0.0005000000000000004,0.8558932508502834,0.0010000000000000009,0.0005000000000000004,0.8558932508502832
674636.0597735471,0.0010000000000000009,0.0005000000000000004,0.8539523641109895,0.0010000000000000009,0.0005000000000000004,0.8539523641109897
674945.8218036072,0.0010000000000000009,0.0005000000000000004,0.8520114773716962,0.0010000000000000009,0.0005000000000000004,0.852011477371696
675255.5838336673,0.0010000000000000009,0.0005000000000000004,0.8500705906324023,0.0010000000000000009,0.0005000000000000004,0.8500705906324026
675565.3458637274,0.0010000000000000009,0.0005000000000000004,0.8481297038931092,0.0010000000000000009,0.0005000000000000004,0.8481297038931088
675875.1078937876,0.0010000000000000009,0.0005000000000000004,0.8461888171538152,0.0010000000000000009,0.0005000000000000004,0.8461888171538151
676184.8699238477,0.0010000000000000009,0.0005000000000000004,0.8442479304145213,0.0010000000000000009,0.0005000000000000004,0.8442479304145215
676494.6319539078,0.0010000000000000009,0.0005000000000000004,0.8423070436752281,0.0010000000000000009,0.0005000000000000004,0.8423070436752279
676804.393983968,0.0010000000000000009,0.0005000000000000004,0.8403661569359342,0.0010000000000000009,0.0005000000000000004,0.8403661569359344
677114.156014028,0.0010000000000000009,0.0005000000000000004,0.838425270196641,0.0010000000000000009,0.0005000000000000004,0.8384252701966407
677423.9180440882,0.0010000000000000009,0.0005000000000000004,0.836484383457347,0.0010000000000000009,0.0005000000000000004,0.8364843834573473
677733.6800741482,0.0010000000000000009,0.0005000000000000004,0.8345434967180538,0.0010000000000000009,0.0005000000000000004,0.8345434967180537
678043.4421042084,0.0010000000000000009,0.0005000000000000004,0.8326026099787599,0.0010000000000000009,0.0005000000000000004,0.8326026099787599
678353.2041342686,0.0010000000000000009,0.0005000000000000004,0.830661723239466,0.0010000000000000009,0.0005000000000000004,0.8306617232394662
678662.9661643286,0.0010000000000000009,0.0005000000000000004,0.8287208365001728,0.0010000000000000009,0.0005000000000000004,0.8287208365001725
678972.7281943888,0.0010000000000000009,0.0005000000000000004,0.8267799497608789,0.0010000000000000009,0.0005000000000000004,0.8267799497608791
679282.4902244488,0.0010000000000000009,0.0005000000000000004,0.8248390630215856,0.0010000000000000009,0.0005000000000000004,0.8248390630215855
679592.252254509,0.0010000000000000009,0.0005000000000000004,0.8228981762822918,0.0010000000000000009,0.0005000000000000004,0.8228981762822919
679902.0142845691,0.0010000000000000009,0.0005000000000000004,0.8209572895429985,0.0010000000000000009,0.0005000000000000004,0.8209572895429983
680211.7763146292,0.0010000000000000009,0.0005000000000000004,0.8190164028037046,0.0010000000000000009,0.0005000000000000004,0.8190164028037046
680521.5383446894,0.0010000000000000009,0.0005000000000000004,0.8170755160644106,0.0010000000000000009,0.0005000000000000004,0.8170755160644109
680831.3003747495,0.0010000000000000009,0.0005000000000000004,0.8151346293251175,0.0010000000000000009,0.0005000000000000004,0.8151346293251173
681141.0624048096,0.0010000000000000009,0.0005000000000000004,0.8131937425858236,0.0010000000000000009,0.0005000000000000004,0.8131937425858237
681450.8244348697,0.0010000000000000009,0.0005000000000000004,0.8112528558465304,0.0010000000000000009,0.0005000000000000004,0.8112528558465302
681760.5864649299,0.0010000000000000009,0.0005000000000000004,0.8093119691072365,0.0010000000000000009,0.0005000000000000004,0.8093119691072367
682070.3484949899,0.0010000000000000009,0.0005000000000000004,0.8073710823679432,0.0010000000000000009,0.0005000000000000004,0.807371082367943
682380.1105250501,0.0010000000000000009,0.0005000000000000004,0.8054301956286493,0.0010000000000000009,0.0005000000000000004,0.8054301956286493
682689.8725551103,0.0010000000000000009,0.0005000000000000004,0.8034893088893553,0.0010000000000000009,0.0005000000000000004,0.8034893088893554
682999.6345851703,0.0010000000000000009,0.0005000000000000004,0.8015484221500622,0.0010000000000000009,0.0005000000000000004,0.801548422150062
683309.3966152305,0.0010000000000000009,0.0005000000000000004,0.7996075354107682,0.0010000000000000009,0.0005000000000000004,0.7996075354107685
683619.1586452905,0.0010000000000000009,0.0005000000000000004,0.7976666486714751,0.0010000000000000009,0.0005000000000000004,0.7976666486714749
683928.9206753507,0.0010000000000000009,0.0005000000000000004,0.7957257619321811,0.0010000000000000009,0.0005000000000000004,0.7957257619321814
684238.6827054108,0.0010000000000000009,0.0005000000000000004,0.7937848751928879,0.0010000000000000009,0.0005000000000000004,0.7937848751928877
684548.4447354709,0.0010000000000000009,0.0005000000000000004,0.7918439884535939,0.0010000000000000009,0.0005000000000000004,0.791843988453594
684858.2067655311,0.0010000000000000009,0.0005000000000000004,0.7899031017143001,0.0010000000000000009,0.0005000000000000004,0.7899031017143002
685167.9687955912,0.0010000000000000009,0.0005000000000000004,0.7879622149750068,0.0010000000000000009,0.0005000000000000004,0.7879622149750066
685477.7308256513,0.0010000000000000009,0.0005000000000000004,0.7860213282357129,0.0010000000000000009,0.0005000000000000004,0.7860213282357131
685787.4928557114,0.0010000000000000009,0.0005000000000000004,0.7840804414964198,0.0010000000000000009,0.0005000000000000004,0.7840804414964194
686097.2548857715,0.0010000000000000009,0.0005000000000000004,0.7821395547571258,0.0010000000000000009,0.0005000000000000004,0.782139554757126
686407.0169158316,0.0010000000000000009,0.0005000000000000004,0.7801986680178326,0.0010000000000000009,0.0005000000000000004,0.7801986680178324
686716.7789458918,0.0010000000000000009,0.0005000000000000004,0.7782577812785387,0.0010000000000000009,0.0005000000000000004,0.7782577812785386
687026.5409759519,0.0010000000000000009,0.0005000000000000004,0.7763168945392447,0.0010000000000000009,0.0005000000000000004,0.7763168945392449
687336.303006012,0.0010000000000000009,0.0005000000000000004,0.7743760077999515,0.0010000000000000009,0.0005000000000000004,0.7743760077999512
687646.0650360722,0.0010000000000000009,0.0005000000000000004,0.7724351210606576,0.0010000000000000009,0.0005000000000000004,0.7724351210606578
687955.8270661322,0.0010000000000000009,0.0005000000000000004,0.7704942343213644,0.0010000000000000009,0.0005000000000000004,0.7704942343213642
688265.5890961924,0.0010000000000000009,0.0005000000000000004,0.7685533475820705,0.0010000000000000009,0.0005000000000000004,0.7685533475820708
688575.3511262524,0.0010000000000000009,0.0005000000000000004,0.7666124608427773,0.0010000000000000009,0.0005000000000000004,0.7666124608427771
688885.1131563126,0.0010000000000000009,0.0005000000000000004,0.7646715741034833,0.0010000000000000009,0.0005000000000000004,0.7646715741034834
689194.8751863728,0.0010000000000000009,0.0005000000000000004,0.7627306873641895,0.0010000000000000009,0.0005000000000000004,0.7627306873641896
689504.6372164328,0.0010000000000000009,0.0005000000000000004,0.7607898006248962,0.0010000000000000009,0.0005000000000000004,0.760789800624896
689814.399246493,0.0010000000000000009,0.0005000000000000004,0.7588489138856023,0.0010000000000000009,0.0005000000000000004,0.7588489138856026
690124.1612765531,0.0010000000000000009,0.0005000000000000004,0.7569080271463091,0.0010000000000000009,0.0005000000000000004,0.7569080271463089
690433.9233066132,0.0010000000000000009,0.0005000000000000004,0.7549671404070152,0.0010000000000000009,0.0005000000000000004,0.7549671404070155
690743.6853366733,0.0010000000000000009,0.0005000000000000004,0.753026253667722,0.0010000000000000009,0.0005000000000000004,0.7530262536677217
691053.4473667335,0.0010000000000000009,0.0005000000000000004,0.7510853669284281,0.0010000000000000009,0.0005000000000000004,0.7510853669284282
691363.2093967936,0.0010000000000000009,0.0005000000000000004,0.7491444801891342,0.0010000000000000009,0.0005000000000000004,0.7491444801891344
691672.9714268537,0.0010000000000000009,0.0005000000000000004,0.7472035934498409,0.0010000000000000009,0.0005000000000000004,0.7472035934498407
691982.7334569138,0.0010000000000000009,0.0005000000000000004,0.7452627067105471,0.0010000000000000009,0.0005000000000000004,0.7452627067105473
692292.4954869739,0.0010000000000000009,0.0005000000000000004,0.7433218199712538,0.0010000000000000009,0.0005000000000000004,0.7433218199712535
692602.2575170341,0.0010000000000000009,0.0005000000000000004,0.7413809332319599,0.0010000000000000009,0.0005000000000000004,0.7413809332319602
692912.0195470941,0.0010000000000000009,0.0005000000000000004,0.7394400464926667,0.0010000000000000009,0.0005000000000000004,0.7394400464926664
693221.7815771543,0.0010000000000000009,0.0005000000000000004,0.7374991597533728,0.0010000000000000009,0.0005000000000000004,0.7374991597533728
693531.5436072145,0.0010000000000000009,0.0005000000000000004,0.7355582730140788,0.0010000000000000009,0.0005000000000000004,0.7355582730140791
693841.3056372745,0.0010000000000000009,0.0005000000000000004,0.7336173862747857,0.0010000000000000009,0.0005000000000000004,0.7336173862747853
694151.0676673347,0.0010000000000000009,0.0005000000000000004,0.7316764995354916,0.0010000000000000009,0.0005000000000000004,0.731676499535492
694460.8296973947,0.0010000000000000009,0.0005000000000000004,0.7297356127961985,0.0010000000000000009,0.0005000000000000004,0.7297356127961981
694770.5917274549,0.0010000000000000009,0.0005000000000000004,0.7277947260569045,0.0010000000000000009,0.0005000000000000004,0.7277947260569048
695080.353757515,0.0010000000000000009,0.0005000000000000004,0.7258538393176114,0.0010000000000000009,0.0005000000000000004,0.7258538393176112
695390.1157875751,0.0010000000000000009,0.0005000000000000004,0.7239129525783174,0.0010000000000000009,0.0005000000000000004,0.7239129525783174
695699.8778176353,0.0010000000000000009,0.0005000000000000004,0.7219720658390235,0.0010000000000000009,0.0005000000000000004,0.7219720658390237
696009.6398476954,0.0010000000000000009,0.0005000000000000004,0.7200311790997302,0.0010000000000000009,0.0005000000000000004,0.7200311790997301
696319.4018777555,0.0010000000000000009,0.0005000000000000004,0.7180902923604364,0.0010000000000000009,0.0005000000000000004,0.7180902923604365
696629.1639078156,0.0010000000000000009,0.0005000000000000004,0.7161494056211432,0.0010000000000000009,0.0005000000000000004,0.7161494056211429
696938.9259378758,0.0010000000000000009,0.0005000000000000004,0.7142085188818492,0.0010000000000000009,0.0005000000000000004,0.7142085188818496
697248.6879679358,0.0010000000000000009,0.0005000000000000004,0.7122676321425561,0.0010000000000000009,0.0005000000000000004,0.7122676321425558
697558.449997996,0.0010000000000000009,0.0005000000000000004,0.7103267454032621,0.0010000000000000009,0.0005000000000000004,0.7103267454032621
697868.2120280562,0.0010000000000000009,0.0005000000000000004,0.7083858586639682,0.0010000000000000009,0.0005000000000000004,0.7083858586639685
698177.9740581162,0.0010000000000000009,0.0005000000000000004,0.706444971924675,0.0010000000000000009,0.0005000000000000004,0.7064449719246747
698487.7360881764,0.0010000000000000009,0.0005000000000000004,0.704504085185381,0.0010000000000000009,0.0005000000000000004,0.7045040851853813
698797.4981182364,0.0010000000000000009,0.0005000000000000004,0.7025631984460878,0.0010000000000000009,0.0005000000000000004,0.7025631984460876
699107.2601482966,0.0010000000000000009,0.0005000000000000004,0.700622311706794,0.0010000000000000009,0.0005000000000000004,0.7006223117067942
699417.0221783567,0.0010000000000000009,0.0005000000000000004,0.6986814249675007,0.0010000000000000009,0.0005000000000000004,0.6986814249675005
699726.7842084168,0.0010000000000000009,0.0005000000000000004,0.6967405382282068,0.0010000000000000009,0.0005000000000000004,0.6967405382282067
700036.546238477,0.0010000000000000009,0.0005000000000000004,0.6947996514889129,0.0010000000000000009,0.0005000000000000004,0.6947996514889131
700346.308268537,0.0010000000000000009,0.0005000000000000004,0.6928587647496196,0.0010000000000000009,0.0005000000000000004,0.6928587647496194
700656.0702985972,0.0010000000000000009,0.0005000000000000004,0.6909178780103258,0.0010000000000000009,0.0005000000000000004,0.690917878010326
700965.8323286573,0.0010000000000000009,0.0005000000000000004,0.6889769912710326,0.0010000000000000009,0.0005000000000000004,0.6889769912710323
701275.5943587174,0.0010000000000000009,0.0005000000000000004,0.6870361045317386,0.0010000000000000009,0.0005000000000000004,0.6870361045317388
701585.3563887775,0.0010000000000000009,0.0005000000000000004,0.6850952177924454,0.0010000000000000009,0.0005000000000000004,0.6850952177924451
701895.1184188377,0.0010000000000000009,0.0005000000000000004,0.6831543310531515,0.0010000000000000009,0.0005000000000000004,0.6831543310531515
702204.8804488978,0.0010000000000000009,0.0005000000000000004,0.6812134443138576,0.0010000000000000009,0.0005000000000000004,0.6812134443138578
702514.6424789579,0.0010000000000000009,0.0005000000000000004,0.6792725575745644,0.0010000000000000009,0.0005000000000000004,0.6792725575745641
702824.4045090181,0.0010000000000000009,0.0005000000000000004,0.6773316708352705,0.0010000000000000009,0.0005000000000000004,0.6773316708352707
703134.1665390781,0.0010000000000000009,0.0005000000000000004,0.6753907840959772,0.0010000000000000009,0.0005000000000000004,0.6753907840959771
703443.9285691383,0.0010000000000000009,0.0005000000000000004,0.6734498973566834,0.0010000000000000009,0.0005000000000000004,0.6734498973566835
703753.6905991983,0.0010000000000000009,0.0005000000000000004,0.6715090106173901,0.0010000000000000009,0.0005000000000000004,0.6715090106173899
704063.4526292585,0.0010000000000000009,0.0005000000000000004,0.6695681238780962,0.0010000000000000009,0.0005000000000000004,0.6695681238780962
704373.2146593187,0.0010000000000000009,0.0005000000000000004,0.6676272371388023,0.0010000000000000009,0.0005000000000000004,0.6676272371388027
704682.9766893787,0.0010000000000000009,0.0005000000000000004,0.6656863503995091,0.0010000000000000009,0.0005000000000000004,0.6656863503995089
704992.7387194389,0.0010000000000000009,0.0005000000000000004,0.6637454636602151,0.0010000000000000009,0.0005000000000000004,0.6637454636602154
705302.500749499,0.0010000000000000009,0.0005000000000000004,0.661804576920922,0.0010000000000000009,0.0005000000000000004,0.6618045769209217
705612.2627795591,0.0010000000000000009,0.0005000000000000004,0.6598636901816279,0.0010000000000000009,0.0005000000000000004,0.6598636901816283
705922.0248096192,0.0010000000000000009,0.0005000000000000004,0.6579228034423348,0.0010000000000000009,0.0005000000000000004,0.6579228034423346
706231.7868396793,0.0010000000000000009,0.0005000000000000004,0.655981916703041,0.0010000000000000009,0.0005000000000000004,0.6559819167030408
706541.5488697395,0.0010000000000000009,0.0005000000000000004,0.6540410299637469,0.0010000000000000009,0.0005000000000000004,0.6540410299637472
706851.3108997996,0.0010000000000000009,0.0005000000000000004,0.6521001432244538,0.0010000000000000009,0.0005000000000000004,0.6521001432244535
707161.0729298597,0.0010000000000000009,0.0005000000000000004,0.6501592564851598,0.0010000000000000009,0.0005000000000000004,0.65015925648516
707470.8349599198,0.0010000000000000009,0.0005000000000000004,0.6482183697458666,0.0010000000000000009,0.0005000000000000004,0.6482183697458663
707780.59698998,0.0010000000000000009,0.0005000000000000004,0.6462774830065727,0.0010000000000000009,0.0005000000000000004,0.646277483006573
708090.35902004,0.0010000000000000009,0.0005000000000000004,0.6443365962672796,0.0010000000000000009,0.0005000000000000004,0.6443365962672792
708400.1210501002,0.0010000000000000009,0.0005000000000000004,0.6423957095279855,0.0010000000000000009,0.0005000000000000004,0.6423957095279856
708709.8830801604,0.0010000000000000009,0.0005000000000000004,0.6404548227886917,0.0010000000000000009,0.0005000000000000004,0.6404548227886919
709019.6451102204,0.0010000000000000009,0.0005000000000000004,0.6385139360493984,0.0010000000000000009,0.0005000000000000004,0.6385139360493982
709329.4071402806,0.0010000000000000009,0.0005000000000000004,0.6365730493101045,0.0010000000000000009,0.0005000000000000004,0.6365730493101047
709639.1691703406,0.0010000000000000009,0.0005000000000000004,0.6346321625708113,0.0010000000000000009,0.0005000000000000004,0.634632162570811
709948.9312004008,0.0010000000000000009,0.0005000000000000004,0.6326912758315174,0.0010000000000000009,0.0005000000000000004,0.6326912758315176
710258.6932304609,0.0010000000000000009,0.0005000000000000004,0.6307503890922241,0.0010000000000000009,0.0005000000000000004,0.630750389092224
710568.455260521,0.0010000000000000009,0.0005000000000000004,0.6288095023529303,0.0010000000000000009,0.0005000000000000004,0.6288095023529302
710878.2172905812,0.0010000000000000009,0.0005000000000000004,0.6268686156136363,0.0010000000000000009,0.0005000000000000004,0.6268686156136365
711187.9793206413,0.0010000000000000009,0.0005000000000000004,0.6249277288743431,0.0010000000000000009,0.0005000000000000004,0.6249277288743428
711497.7413507014,0.0010000000000000009,0.0005000000000000004,0.6229868421350493,0.0010000000000000009,0.0005000000000000004,0.6229868421350495
711807.5033807615,0.0010000000000000009,0.0005000000000000004,0.621045955395756,0.0010000000000000009,0.0005000000000000004,0.6210459553957558
712117.2654108217,0.0010000000000000009,0.0005000000000000004,0.6191050686564621,0.0010000000000000009,0.0005000000000000004,0.6191050686564623
712427.0274408817,0.0010000000000000009,0.0005000000000000004,0.6171641819171689,0.0010000000000000009,0.0005000000000000004,0.6171641819171686
712736.7894709419,0.0010000000000000009,0.0005000000000000004,0.6152232951778749,0.0010000000000000009,0.0005000000000000004,0.615223295177875
713046.551501002,0.0010000000000000009,0.0005000000000000004,0.6132824084385811,0.0010000000000000009,0.0005000000000000004,0.6132824084385813
713356.3135310621,0.0010000000000000009,0.0005000000000000004,0.6113415216992879,0.0010000000000000009,0.0005000000000000004,0.6113415216992876
713666.0755611223,0.0010000000000000009,0.0005000000000000004,0.6094006349599939,0.0010000000000000009,0.0005000000000000004,0.6094006349599942
713975.8375911823,0.0010000000000000009,0.0005000000000000004,0.6074597482207007,0.0010000000000000009,0.0005000000000000004,0.6074597482207005
714285.5996212425,0.0010000000000000009,0.0005000000000000004,0.6055188614814068,0.0010000000000000009,0.0005000000000000004,0.605518861481407
714595.3616513025,0.0010000000000000009,0.0005000000000000004,0.6035779747421135,0.0010000000000000009,0.0005000000000000004,0.6035779747421133
714905.1236813627,0.0010000000000000009,0.0005000000000000004,0.6016370880028197,0.0010000000000000009,0.0005000000000000004,0.6016370880028197
715214.8857114229,0.0010000000000000009,0.0005000000000000004,0.5996962012635257,0.0010000000000000009,0.0005000000000000004,0.599696201263526
715524.647741483,0.0010000000000000009,0.0005000000000000004,0.5977553145242325,0.0010000000000000009,0.0005000000000000004,0.5977553145242324
715834.4097715431,0.0010000000000000009,0.0005000000000000004,0.5958144277849386,0.0010000000000000009,0.0005000000000000004,0.5958144277849389
716144.1718016032,0.0010000000000000009,0.0005000000000000004,0.5938735410456454,0.0010000000000000009,0.0005000000000000004,0.5938735410456452
716453.9338316633,0.0010000000000000009,0.0005000000000000004,0.5919326543063514,0.0010000000000000009,0.0005000000000000004,0.5919326543063517
716763.6958617234,0.0010000000000000009,0.0005000000000000004,0.5899917675670583,0.0010000000000000009,0.0005000000000000004,0.589991767567058
717073.4578917836,0.0010000000000000009,0.0005000000000000004,0.5880508808277644,0.0010000000000000009,0.0005000000000000004,0.5880508808277644
717383.2199218437,0.0010000000000000009,0.0005000000000000004,0.5861099940884704,0.0010000000000000009,0.0005000000000000004,0.5861099940884706
717692.9819519038,0.0010000000000000009,0.0005000000000000004,0.5841691073491773,0.0010000000000000009,0.0005000000000000004,0.5841691073491769
718002.743981964,0.0010000000000000009,0.0005000000000000004,0.5822282206098832,0.0010000000000000009,0.0005000000000000004,0.5822282206098836
718312.506012024,0.0010000000000000009,0.0005000000000000004,0.5802873338705901,0.0010000000000000009,0.0005000000000000004,0.5802873338705897
718622.2680420842,0.0010000000000000009,0.0005000000000000004,0.5783464471312961,0.0010000000000000009,0.0005000000000000004,0.5783464471312963
718932.0300721442,0.0010000000000000009,0.0005000000000000004,0.576405560392003,0.0010000000000000009,0.0005000000000000004,0.5764055603920027
719241.7921022044,0.0010000000000000009,0.0005000000000000004,0.574464673652709,0.0010000000000000009,0.0005000000000000004,0.574464673652709
719551.5541322646,0.0010000000000000009,0.0005000000000000004,0.5725237869134151,0.0010000000000000009,0.0005000000000000004,0.5725237869134153
719861.3161623246,0.0010000000000000009,0.0005000000000000004,0.5705829001741218,0.0010000000000000009,0.0005000000000000004,0.5705829001741217
720171.0781923848,0.0010000000000000009,0.0005000000000000004,0.568642013434828,0.0010000000000000009,0.0005000000000000004,0.5686420134348281
720480.8402224449,0.0010000000000000009,0.0005000000000000004,0.5667011266955347,0.0010000000000000009,0.0005000000000000004,0.5667011266955345
720790.602252505,0.0010000000000000009,0.0005000000000000004,0.5647602399562408,0.0010000000000000009,0.0005000000000000004,0.564760239956241
721100.3642825651,0.0010000000000000009,0.0005000000000000004,0.5628193532169476,0.0010000000000000009,0.0005000000000000004,0.5628193532169474
721410.1263126252,0.0010000000000000009,0.0005000000000000004,0.5608784664776537,0.0010000000000000009,0.0005000000000000004,0.5608784664776537
721719.8883426854,0.0010000000000000009,0.0005000000000000004,0.5589375797383598,0.0010000000000000009,0.0005000000000000004,0.5589375797383601
722029.6503727455,0.0010000000000000009,0.0005000000000000004,0.5569966929990666,0.0010000000000000009,0.0005000000000000004,0.5569966929990664
722339.4124028056,0.0010000000000000009,0.0005000000000000004,0.5550558062597726,0.0010000000000000009,0.0005000000000000004,0.5550558062597729
722649.1744328657,0.0010000000000000009,0.0005000000000000004,0.5531149195204794,0.0010000000000000009,0.0005000000000000004,0.5531149195204792
722958.9364629259,0.0010000000000000009,0.0005000000000000004,0.5511740327811856,0.0010000000000000009,0.0005000000000000004,0.5511740327811857
723268.6984929859,0.0010000000000000009,0.0005000000000000004,0.5492331460418923,0.0010000000000000009,0.0005000000000000004,0.5492331460418921
723578.4605230461,0.0010000000000000009,0.0005000000000000004,0.5472922593025984,0.0010000000000000009,0.0005000000000000004,0.5472922593025983
723888.2225531063,0.0010000000000000009,0.0005000000000000004,0.5453513725633045,0.0010000000000000009,0.0005000000000000004,0.5453513725633047
724197.9845831663,0.0010000000000000009,0.0005000000000000004,0.5434104858240113,0.0010000000000000009,0.0005000000000000004,0.5434104858240111
724507.7466132265,0.0010000000000000009,0.0005000000000000004,0.5414695990847174,0.0010000000000000009,0.0005000000000000004,0.5414695990847176
724817.5086432865,0.0010000000000000009,0.0005000000000000004,0.5395287123454242,0.0010000000000000009,0.0005000000000000004,0.5395287123454239
725127.2706733467,0.0010000000000000009,0.0005000000000000004,0.5375878256061302,0.0010000000000000009,0.0005000000000000004,0.5375878256061305
725437.0327034068,0.0010000000000000009,0.0005000000000000004,0.535646938866837,0.0010000000000000009,0.0005000000000000004,0.5356469388668367
725746.7947334669,0.0010000000000000009,0.0005000000000000004,0.5337060521275431,0.0010000000000000009,0.0005000000000000004,0.5337060521275433
726056.556763527,0.0010000000000000009,0.0005000000000000004,0.5317651653882499,0.0010000000000000009,0.0005000000000000004,0.5317651653882497
726366.3187935872,0.0010000000000000009,0.0005000000000000004,0.529824278648956,0.0010000000000000009,0.0005000000000000004,0.529824278648956
726676.0808236473,0.0010000000000000009,0.0005000000000000004,0.527883391909662,0.0010000000000000009,0.0005000000000000004,0.5278833919096623
726985.8428537074,0.0010000000000000009,0.0005000000000000004,0.5259425051703688,0.0010000000000000009,0.0005000000000000004,0.5259425051703687
727295.6048837675,0.0010000000000000009,0.0005000000000000004,0.524001618431075,0.0010000000000000009,0.0005000000000000004,0.5240016184310751
727605.3669138276,0.0010000000000000009,0.0005000000000000004,0.5220607316917817,0.0010000000000000009,0.0005000000000000004,0.5220607316917815
727915.1289438878,0.0010000000000000009,0.0005000000000000004,0.5201198449524878,0.0010000000000000009,0.0005000000000000004,0.5201198449524878
728224.890973948,0.0010000000000000009,0.0005000000000000004,0.5181789582131939,0.0010000000000000009,0.0005000000000000004,0.518178958213194
728534.653004008,0.0010000000000000009,0.0005000000000000004,0.5162380714739007,0.0010000000000000009,0.0005000000000000004,0.5162380714739004
728844.4150340682,0.0010000000000000009,0.0005000000000000004,0.5142971847346067,0.0010000000000000009,0.0005000000000000004,0.5142971847346071
729154.1770641282,0.0010000000000000009,0.0005000000000000004,0.5123562979953136,0.0010000000000000009,0.0005000000000000004,0.5123562979953133
729463.9390941884,0.0010000000000000009,0.0005000000000000004,0.5104154112560195,0.0010000000000000009,0.0005000000000000004,0.5104154112560199
729773.7011242484,0.0010000000000000009,0.0005000000000000004,0.5084745245167264,0.0010000000000000009,0.0005000000000000004,0.5084745245167261
730083.4631543086,0.0010000000000000009,0.0005000000000000004,0.5065336377774325,0.0010000000000000009,0.0005000000000000004,0.5065336377774327
730393.2251843687,0.0010000000000000009,0.0005000000000000004,0.5045927510381393,0.0010000000000000009,0.0005000000000000004,0.504592751038139
730702.9872144288,0.0010000000000000009,0.0005000000000000004,0.5026518642988453,0.0010000000000000009,0.0005000000000000004,0.5026518642988452
731012.749244489,0.0010000000000000009,0.0005000000000000004,0.5007109775595514,0.0010000000000000009,0.0005000000000000004,0.5007109775595516
731322.5112745491,0.0010000000000000009,0.0005000000000000004,0.4987700908202582,0.0010000000000000009,0.0005000000000000004,0.49877009082025797
731632.2733046092,0.0010000000000000009,0.0005000000000000004,0.4968292040809643,0.0010000000000000009,0.0005000000000000004,0.49682920408096454
731942.0353346693,0.0010000000000000009,0.0005000000000000004,0.4948883173416711,0.0010000000000000009,0.0005000000000000004,0.4948883173416709
732251.7973647295,0.0010000000000000009,0.0005000000000000004,0.49294743060237717,0.0010000000000000009,0.0005000000000000004,0.49294743060237717
732561.5593947896,0.0010000000000000009,0.0005000000000000004,0.49100654386308323,0.0010000000000000009,0.0005000000000000004,0.4910065438630835
732871.3214248497,0.0010000000000000009,0.0005000000000000004,0.48906565712379,0.0010000000000000009,0.0005000000000000004,0.48906565712378985
733181.0834549099,0.0010000000000000009,0.0005000000000000004,0.4871247703844961,0.0010000000000000009,0.0005000000000000004,0.4871247703844963
733490.8454849699,0.0010000000000000009,0.0005000000000000004,0.48518388364520293,0.0010000000000000009,0.0005000000000000004,0.48518388364520265
733800.6075150301,0.0010000000000000009,0.0005000000000000004,0.483242996905909,0.0010000000000000009,0.0005000000000000004,0.4832429969059093
734110.3695450901,0.0010000000000000009,0.0005000000000000004,0.4813021101666158,0.0010000000000000009,0.0005000000000000004,0.48130211016661556
734420.1315751503,0.0010000000000000009,0.0005000000000000004,0.47936122342732185,0.0010000000000000009,0.0005000000000000004,0.47936122342732207
734729.8936052104,0.0010000000000000009,0.0005000000000000004,0.47742033668802863,0.0010000000000000009,0.0005000000000000004,0.47742033668802836
735039.6556352705,0.0010000000000000009,0.0005000000000000004,0.4754794499487347,0.0010000000000000009,0.0005000000000000004,0.4754794499487347
735349.4176653307,0.0010000000000000009,0.0005000000000000004,0.4735385632094408,0.0010000000000000009,0.0005000000000000004,0.47353856320944104
735659.1796953907,0.0010000000000000009,0.0005000000000000004,0.4715976764701476,0.0010000000000000009,0.0005000000000000004,0.47159767647014733
735968.9417254509,0.0010000000000000009,0.0005000000000000004,0.4696567897308537,0.0010000000000000009,0.0005000000000000004,0.4696567897308539
736278.703755511,0.0010000000000000009,0.0005000000000000004,0.4677159029915605,0.0010000000000000009,0.0005000000000000004,0.4677159029915603
736588.4657855711,0.0010000000000000009,0.0005000000000000004,0.4657750162522666,0.0010000000000000009,0.0005000000000000004,0.46577501625226664
736898.2278156313,0.0010000000000000009,0.0005000000000000004,0.46383412951297265,0.0010000000000000009,0.0005000000000000004,0.46383412951297287
737207.9898456914,0.0010000000000000009,0.0005000000000000004,0.4618932427736794,0.0010000000000000009,0.0005000000000000004,0.4618932427736791
737517.7518757515,0.0010000000000000009,0.0005000000000000004,0.45995235603438545,0.0010000000000000009,0.0005000000000000004,0.45995235603438567
737827.5139058116,0.0010000000000000009,0.0005000000000000004,0.4580114692950923,0.0010000000000000009,0.0005000000000000004,0.45801146929509207
738137.2759358718,0.0010000000000000009,0.0005000000000000004,0.45607058255579835,0.0010000000000000009,0.0005000000000000004,0.45607058255579863
738447.0379659318,0.0010000000000000009,0.0005000000000000004,0.4541296958165052,0.0010000000000000009,0.0005000000000000004,0.4541296958165049
738756.799995992,0.0010000000000000009,0.0005000000000000004,0.45218880907721126,0.0010000000000000009,0.0005000000000000004,0.4521888090772115
739066.562026052,0.0010000000000000009,0.0005000000000000004,0.450247922337918,0.0010000000000000009,0.0005000000000000004,0.4502479223379178
739376.3240561122,0.0010000000000000009,0.0005000000000000004,0.44830703559862406,0.0010000000000000009,0.0005000000000000004,0.44830703559862406
739686.0860861724,0.0010000000000000009,0.0005000000000000004,0.4463661488593301,0.0010000000000000009,0.0005000000000000004,0.4463661488593304
739995.8481162324,0.0010000000000000009,0.0005000000000000004,0.44442526212003697,0.0010000000000000009,0.0005000000000000004,0.4444252621200367
740305.6101462926,0.0010000000000000009,0.0005000000000000004,0.44248437538074303,0.0010000000000000009,0.0005000000000000004,0.4424843753807433
740615.3721763527,0.0010000000000000009,0.0005000000000000004,0.4405434886414499,0.0010000000000000009,0.0005000000000000004,0.4405434886414496
740925.1342064128,0.0010000000000000009,0.0005000000000000004,0.43860260190215594,0.0010000000000000009,0.0005000000000000004,0.4386026019021559
741234.896236473,0.0010000000000000009,0.0005000000000000004,0.436661715162862,0.0010000000000000009,0.0005000000000000004,0.43666171516286223
741544.658266533,0.0010000000000000009,0.0005000000000000004,0.43472082842356874,0.0010000000000000009,0.0005000000000000004,0.4347208284235686
741854.4202965932,0.0010000000000000009,0.0005000000000000004,0.4327799416842749,0.0010000000000000009,0.0005000000000000004,0.4327799416842751
742164.1823266533,0.0010000000000000009,0.0005000000000000004,0.43083905494498165,0.0010000000000000009,0.0005000000000000004,0.4308390549449814
742473.9443567134,0.0010000000000000009,0.0005000000000000004,0.4288981682056877,0.0010000000000000009,0.0005000000000000004,0.428898168205688
742783.7063867735,0.0010000000000000009,0.0005000000000000004,0.42695728146639456,0.0010000000000000009,0.0005000000000000004,0.4269572814663943
743093.4684168337,0.0010000000000000009,0.0005000000000000004,0.4250163947271006,0.0010000000000000009,0.0005000000000000004,0.42501639472710084
743403.2304468937,0.0010000000000000009,0.0005000000000000004,0.42307550798780746,0.0010000000000000009,0.0005000000000000004,0.42307550798780724
743712.9924769539,0.0010000000000000009,0.0005000000000000004,0.42113462124851353,0.0010000000000000009,0.0005000000000000004,0.4211346212485136
744022.7545070141,0.0010000000000000009,0.0005000000000000004,0.4191937345092196,0.0010000000000000009,0.0005000000000000004,0.4191937345092198
744332.5165370741,0.0010000000000000009,0.0005000000000000004,0.4172528477699263,0.0010000000000000009,0.0005000000000000004,0.41725284776992605
744642.2785671343,0.0010000000000000009,0.0005000000000000004,0.4153119610306324,0.0010000000000000009,0.0005000000000000004,0.4153119610306326
744952.0405971943,0.0010000000000000009,0.0005000000000000004,0.41337107429133924,0.0010000000000000009,0.0005000000000000004,0.413371074291339
745261.8026272545,0.0010000000000000009,0.0005000000000000004,0.4114301875520453,0.0010000000000000009,0.0005000000000000004,0.41143018755204536
745571.5646573147,0.0010000000000000009,0.0005000000000000004,0.40948930081275137,0.0010000000000000009,0.0005000000000000004,0.40948930081275164
745881.3266873747,0.0010000000000000009,0.0005000000000000004,0.4075484140734582,0.0010000000000000009,0.0005000000000000004,0.40754841407345793
746191.0887174349,0.0010000000000000009,0.0005000000000000004,0.4056075273341643,0.0010000000000000009,0.0005000000000000004,0.40560752733416444
746500.850747495,0.0010000000000000009,0.0005000000000000004,0.403666640594871,0.0010000000000000009,0.0005000000000000004,0.4036666405948708
746810.6127775551,0.0010000000000000009,0.0005000000000000004,0.4017257538555771,0.0010000000000000009,0.0005000000000000004,0.40172575385557735
747120.3748076152,0.0010000000000000009,0.0005000000000000004,0.3997848671162839,0.0010000000000000009,0.0005000000000000004,0.39978486711628364
747430.1368376754,0.0010000000000000009,0.0005000000000000004,0.39784398037699,0.0010000000000000009,0.0005000000000000004,0.3978439803769902
747739.8988677354,0.0010000000000000009,0.0005000000000000004,0.3959030936376968,0.0010000000000000009,0.0005000000000000004,0.3959030936376966
748049.6608977956,0.0010000000000000009,0.0005000000000000004,0.3939622068984029,0.0010000000000000009,0.0005000000000000004,0.39396220689840294
748359.4229278557,0.0010000000000000009,0.0005000000000000004,0.39202132015910895,0.0010000000000000009,0.0005000000000000004,0.3920213201591092
748669.1849579158,0.0010000000000000009,0.0005000000000000004,0.3900804334198157,0.0010000000000000009,0.0005000000000000004,0.3900804334198155
748978.946987976,0.0010000000000000009,0.0005000000000000004,0.38813954668052186,0.0010000000000000009,0.0005000000000000004,0.38813954668052203
749288.709018036,0.0010000000000000009,0.0005000000000000004,0.3861986599412286,0.0010000000000000009,0.0005000000000000004,0.3861986599412284
749598.4710480962,0.0010000000000000009,0.0005000000000000004,0.38425777320193466,0.0010000000000000009,0.0005000000000000004,0.3842577732019346
749908.2330781564,0.0010000000000000009,0.0005000000000000004,0.3823168864626407,0.0010000000000000009,0.0005000000000000004,0.38231688646264095
750217.9951082164,0.0010000000000000009,0.0005000000000000004,0.38037599972334757,0.0010000000000000009,0.0005000000000000004,0.38037599972334735
750527.7571382766,0.0010000000000000009,0.0005000000000000004,0.37843511298405363,0.0010000000000000009,0.0005000000000000004,0.3784351129840539
750837.5191683366,0.0010000000000000009,0.0005000000000000004,0.3764942262447605,0.0010000000000000009,0.0005000000000000004,0.3764942262447602
751147.2811983968,0.0010000000000000009,0.0005000000000000004,0.37455333950546654,0.0010000000000000009,0.0005000000000000004,0.37455333950546676
751457.0432284569,0.0010000000000000009,0.0005000000000000004,0.3726124527661733,0.0010000000000000009,0.0005000000000000004,0.3726124527661731
751766.805258517,0.0010000000000000009,0.0005000000000000004,0.37067156602687934,0.0010000000000000009,0.0005000000000000004,0.3706715660268796
752076.5672885771,0.0010000000000000009,0.0005000000000000004,0.3687306792875862,0.0010000000000000009,0.0005000000000000004,0.3687306792875859
752386.3293186373,0.0010000000000000009,0.0005000000000000004,0.36678979254829225,0.0010000000000000009,0.0005000000000000004,0.3667897925482922
752696.0913486974,0.0010000000000000009,0.0005000000000000004,0.3648489058089983,0.0010000000000000009,0.0005000000000000004,0.36484890580899854
753005.8533787575,0.0010000000000000009,0.0005000000000000004,0.36290801906970516,0.0010000000000000009,0.0005000000000000004,0.36290801906970493
753315.6154088177,0.0010000000000000009,0.0005000000000000004,0.3609671323304112,0.0010000000000000009,0.0005000000000000004,0.3609671323304115
753625.3774388777,0.0010000000000000009,0.0005000000000000004,0.35902624559111795,0.0010000000000000009,0.0005000000000000004,0.35902624559111773
753935.1394689379,0.0010000000000000009,0.0005000000000000004,0.357085358851824,0.0010000000000000009,0.0005000000000000004,0.35708535885182396
754244.901498998,0.0010000000000000009,0.0005000000000000004,0.3551444721125301,0.0010000000000000009,0.0005000000000000004,0.3551444721125303
754554.6635290581,0.0010000000000000009,0.0005000000000000004,0.35320358537323693,0.0010000000000000009,0.0005000000000000004,0.3532035853732367
754864.4255591183,0.0010000000000000009,0.0005000000000000004,0.351262698633943,0.0010000000000000009,0.0005000000000000004,0.35126269863394327
755174.1875891783,0.0010000000000000009,0.0005000000000000004,0.34932181189464984,0.0010000000000000009,0.0005000000000000004,0.34932181189464956
755483.9496192385,0.0010000000000000009,0.0005000000000000004,0.3473809251553559,0.0010000000000000009,0.0005000000000000004,0.3473809251553561
755793.7116492986,0.0010000000000000009,0.0005000000000000004,0.34544003841606263,0.0010000000000000009,0.0005000000000000004,0.34544003841606247
756103.4736793587,0.0010000000000000009,0.0005000000000000004,0.3434991516767687,0.0010000000000000009,0.0005000000000000004,0.343499151676769
756413.2357094188,0.0010000000000000009,0.0005000000000000004,0.34155826493747554,0.0010000000000000009,0.0005000000000000004,0.34155826493747526
756722.997739479,0.0010000000000000009,0.0005000000000000004,0.3396173781981816,0.0010000000000000009,0.0005000000000000004,0.33961737819818155
757032.7597695391,0.0010000000000000009,0.0005000000000000004,0.3376764914588877,0.0010000000000000009,0.0005000000000000004,0.3376764914588879
757342.5217995992,0.0010000000000000009,0.0005000000000000004,0.3357356047195945,0.0010000000000000009,0.0005000000000000004,0.3357356047195943
757652.2838296593,0.0010000000000000009,0.0005000000000000004,0.3337947179803006,0.0010000000000000009,0.0005000000000000004,0.33379471798030086
757962.0458597194,0.0010000000000000009,0.0005000000000000004,0.3318538312410073,0.0010000000000000009,0.0005000000000000004,0.33185383124100715
758271.8078897796,0.0010000000000000009,0.0005000000000000004,0.3299129445017135,0.0010000000000000009,0.0005000000000000004,0.32991294450171343
758581.5699198397,0.0010000000000000009,0.0005000000000000004,0.32797205776241956,0.0010000000000000009,0.0005000000000000004,0.3279720577624197
758891.3319498998,0.0010000000000000009,0.0005000000000000004,0.3260311710231263,0.0010000000000000009,0.0005000000000000004,0.32603117102312607
759201.09397996,0.0010000000000000009,0.0005000000000000004,0.32409028428383235,0.0010000000000000009,0.0005000000000000004,0.32409028428383263
759510.85601002,0.0010000000000000009,0.0005000000000000004,0.3221493975445392,0.0010000000000000009,0.0005000000000000004,0.3221493975445389
759820.6180400802,0.0010000000000000009,0.0005000000000000004,0.32020851080524526,0.0010000000000000009,0.0005000000000000004,0.3202085108052455
760130.3800701402,0.0010000000000000009,0.0005000000000000004,0.3182676240659521,0.0010000000000000009,0.0005000000000000004,0.3182676240659519
760440.1421002004,0.0010000000000000009,0.0005000000000000004,0.31632673732665817,0.0010000000000000009,0.0005000000000000004,0.31632673732665845
760749.9041302605,0.0010000000000000009,0.0005000000000000004,0.3143858505873649,0.0010000000000000009,0.0005000000000000004,0.3143858505873647
761059.6661603206,0.0010000000000000009,0.0005000000000000004,0.31244496384807097,0.0010000000000000009,0.0005000000000000004,0.3124449638480709
761369.4281903808,0.0010000000000000009,0.0005000000000000004,0.31050407710877703,0.0010000000000000009,0.0005000000000000004,0.31050407710877725
761679.1902204409,0.0010000000000000009,0.0005000000000000004,0.3085631903694839,0.0010000000000000009,0.0005000000000000004,0.30856319036948365
761988.952250501,0.0010000000000000009,0.0005000000000000004,0.30662230363018994,0.0010000000000000009,0.0005000000000000004,0.3066223036301902
762298.7142805611,0.0010000000000000009,0.0005000000000000004,0.3046814168908968,0.0010000000000000009,0.0005000000000000004,0.3046814168908965
762608.4763106212,0.0010000000000000009,0.0005000000000000004,0.30274053015160285,0.0010000000000000009,0.0005000000000000004,0.30274053015160285
762918.2383406814,0.0010000000000000009,0.0005000000000000004,0.3007996434123089,0.0010000000000000009,0.0005000000000000004,0.3007996434123092
763228.0003707415,0.0010000000000000009,0.0005000000000000004,0.29885875667301565,0.0010000000000000009,0.0005000000000000004,0.2988587566730154
763537.7624008016,0.0010000000000000009,0.0005000000000000004,0.2969178699337217,0.0010000000000000009,0.0005000000000000004,0.296917869933722
763847.5244308617,0.0010000000000000009,0.0005000000000000004,0.29497698319442855,0.0010000000000000009,0.0005000000000000004,0.2949769831944283
764157.2864609219,0.0010000000000000009,0.0005000000000000004,0.2930360964551346,0.0010000000000000009,0.0005000000000000004,0.2930360964551349
764467.0484909819,0.0010000000000000009,0.0005000000000000004,0.29109520971584146,0.0010000000000000009,0.0005000000000000004,0.2910952097158412
764776.8105210421,0.0010000000000000009,0.0005000000000000004,0.28915432297654753,0.0010000000000000009,0.0005000000000000004,0.2891543229765477
765086.5725511021,0.0010000000000000009,0.0005000000000000004,0.28721343623725426,0.0010000000000000009,0.0005000000000000004,0.28721343623725404
765396.3345811623,0.0010000000000000009,0.0005000000000000004,0.28527254949796044,0.0010000000000000009,0.0005000000000000004,0.28527254949796044
765706.0966112225,0.0010000000000000009,0.0005000000000000004,0.2833316627586665,0.0010000000000000009,0.0005000000000000004,0.2833316627586668
766015.8586412825,0.0010000000000000009,0.0005000000000000004,0.28139077601937323,0.0010000000000000009,0.0005000000000000004,0.281390776019373
766325.6206713427,0.0010000000000000009,0.0005000000000000004,0.2794498892800793,0.0010000000000000009,0.0005000000000000004,0.2794498892800796
766635.3827014028,0.0010000000000000009,0.0005000000000000004,0.27750900254078614,0.0010000000000000009,0.0005000000000000004,0.27750900254078587
766945.1447314629,0.0010000000000000009,0.0005000000000000004,0.2755681158014922,0.0010000000000000009,0.0005000000000000004,0.2755681158014922
767254.9067615231,0.0010000000000000009,0.0005000000000000004,0.2736272290621983,0.0010000000000000009,0.0005000000000000004,0.27362722906219855
767564.6687915832,0.0010000000000000009,0.0005000000000000004,0.2716863423229051,0.0010000000000000009,0.0005000000000000004,0.27168634232290484
767874.4308216433,0.0010000000000000009,0.0005000000000000004,0.2697454555836112,0.0010000000000000009,0.0005000000000000004,0.2697454555836114
768184.1928517034,0.0010000000000000009,0.0005000000000000004,0.2678045688443179,0.0010000000000000009,0.0005000000000000004,0.26780456884431764
768493.9548817636,0.0010000000000000009,0.0005000000000000004,0.265863682105024,0.0010000000000000009,0.0005000000000000004,0.2658636821050242
768803.7169118236,0.0010000000000000009,0.0005000000000000004,0.2639227953657308,0.0010000000000000009,0.0005000000000000004,0.2639227953657306
769113.4789418838,0.0010000000000000009,0.0005000000000000004,0.2619819086264369,0.0010000000000000009,0.0005000000000000004,0.26198190862643717
769423.2409719438,0.0010000000000000009,0.0005000000000000004,0.26004102188714373,0.0010000000000000009,0.0005000000000000004,0.26004102188714345
769733.003002004,0.0010000000000000009,0.0005000000000000004,0.2581001351478498,0.0010000000000000009,0.0005000000000000004,0.2581001351478498
770042.7650320642,0.0010000000000000009,0.0005000000000000004,0.25615924840855586,0.0010000000000000009,0.0005000000000000004,0.25615924840855614
770352.5270621242,0.0010000000000000009,0.0005000000000000004,0.2542183616692626,0.0010000000000000009,0.0005000000000000004,0.25421836166926237
770662.2890921844,0.0010000000000000009,0.0005000000000000004,0.25227747492996866,0.0010000000000000009,0.0005000000000000004,0.25227747492996894
770972.0511222444,0.0010000000000000009,0.0005000000000000004,0.2503365881906755,0.0010000000000000009,0.0005000000000000004,0.2503365881906752
771281.8131523046,0.0010000000000000009,0.0005000000000000004,0.24839570145138157,0.0010000000000000009,0.0005000000000000004,0.24839570145138157
771591.5751823648,0.0010000000000000009,0.0005000000000000004,0.24645481471208763,0.0010000000000000009,0.0005000000000000004,0.24645481471208788
771901.3372124248,0.0010000000000000009,0.0005000000000000004,0.24451392797279448,0.0010000000000000009,0.0005000000000000004,0.24451392797279423
772211.099242485,0.0010000000000000009,0.0005000000000000004,0.24257304123350054,0.0010000000000000009,0.0005000000000000004,0.24257304123350076
772520.8612725451,0.0010000000000000009,0.0005000000000000004,0.24063215449420727,0.0010000000000000009,0.0005000000000000004,0.24063215449420708
772830.6233026052,0.0010000000000000009,0.0005000000000000004,0.23869126775491345,0.0010000000000000009,0.0005000000000000004,0.23869126775491364
773140.3853326653,0.0010000000000000009,0.0005000000000000004,0.23675038101562018,0.0010000000000000009,0.0005000000000000004,0.23675038101561996
773450.1473627255,0.0010000000000000009,0.0005000000000000004,0.23480949427632625,0.0010000000000000009,0.0005000000000000004,0.2348094942763265
773759.9093927855,0.0010000000000000009,0.0005000000000000004,0.2328686075370331,0.0010000000000000009,0.0005000000000000004,0.23286860753703284
774069.6714228457,0.0010000000000000009,0.0005000000000000004,0.23092772079773916,0.0010000000000000009,0.0005000000000000004,0.23092772079773916
774379.4334529059,0.0010000000000000009,0.0005000000000000004,0.22898683405844522,0.0010000000000000009,0.0005000000000000004,0.22898683405844547
774689.1954829659,0.0010000000000000009,0.0005000000000000004,0.22704594731915206,0.0010000000000000009,0.0005000000000000004,0.22704594731915181
774998.9575130261,0.0010000000000000009,0.0005000000000000004,0.22510506057985813,0.0010000000000000009,0.0005000000000000004,0.22510506057985835
775308.7195430861,0.0010000000000000009,0.0005000000000000004,0.22316417384056486,0.0010000000000000009,0.0005000000000000004,0.22316417384056464
775618.4815731463,0.0010000000000000009,0.0005000000000000004,0.22122328710127093,0.0010000000000000009,0.0005000000000000004,0.22122328710127093
775928.2436032065,0.0010000000000000009,0.0005000000000000004,0.219282400361977,0.0010000000000000009,0.0005000000000000004,0.21928240036197724
776238.0056332665,0.0010000000000000009,0.0005000000000000004,0.21734151362268384,0.0010000000000000009,0.0005000000000000004,0.21734151362268359
776547.7676633267,0.0010000000000000009,0.0005000000000000004,0.2154006268833899,0.0010000000000000009,0.0005000000000000004,0.21540062688339015
776857.5296933868,0.0010000000000000009,0.0005000000000000004,0.21345974014409674,0.0010000000000000009,0.0005000000000000004,0.2134597401440965
777167.2917234469,0.0010000000000000009,0.0005000000000000004,0.2115188534048028,0.0010000000000000009,0.0005000000000000004,0.21151885340480303
777477.053753507,0.0010000000000000009,0.0005000000000000004,0.20957796666550954,0.0010000000000000009,0.0005000000000000004,0.20957796666550932
777786.8157835671,0.0010000000000000009,0.0005000000000000004,0.2076370799262156,0.0010000000000000009,0.0005000000000000004,0.20763707992621586
778096.5778136272,0.0010000000000000009,0.0005000000000000004,0.20569619318692245,0.0010000000000000009,0.0005000000000000004,0.2056961931869222
778406.3398436874,0.0010000000000000009,0.0005000000000000004,0.20375530644762851,0.0010000000000000009,0.0005000000000000004,0.20375530644762851
778716.1018737475,0.0010000000000000009,0.0005000000000000004,0.20181441970833458,0.0010000000000000009,0.0005000000000000004,0.20181441970833483
779025.8639038076,0.0010000000000000009,0.0005000000000000004,0.19987353296904142,0.0010000000000000009,0.0005000000000000004,0.19987353296904117
779335.6259338678,0.0010000000000000009,0.0005000000000000004,0.1979326462297475,0.0010000000000000009,0.0005000000000000004,0.1979326462297477
779645.3879639278,0.0010000000000000009,0.0005000000000000004,0.19599175949045422,0.0010000000000000009,0.0005000000000000004,0.195991759490454
779955.149993988,0.0010000000000000009,0.0005000000000000004,0.19405087275116029,0.0010000000000000009,0.0005000000000000004,0.1940508727511603
780264.9120240482,0.0010000000000000009,0.0005000000000000004,0.19210998601186646,0.0010000000000000009,0.0005000000000000004,0.19210998601186666
780574.6740541082,0.0010000000000000009,0.0005000000000000004,0.1901690992725732,0.0010000000000000009,0.0005000000000000004,0.19016909927257297
780884.4360841684,0.0010000000000000009,0.0005000000000000004,0.18822821253327926,0.0010000000000000009,0.0005000000000000004,0.1882282125332795
781194.1981142284,0.0010000000000000009,0.0005000000000000004,0.1862873257939861,0.0010000000000000009,0.0005000000000000004,0.18628732579398585
781503.9601442886,0.0010000000000000009,0.0005000000000000004,0.18434643905469217,0.0010000000000000009,0.0005000000000000004,0.18434643905469242
781813.7221743487,0.0010000000000000009,0.0005000000000000004,0.182405552315399,0.0010000000000000009,0.0005000000000000004,0.18240555231539876
782123.4842044088,0.0010000000000000009,0.0005000000000000004,0.18046466557610508,0.0010000000000000009,0.0005000000000000004,0.1804646655761053
782433.2462344689,0.0010000000000000009,0.0005000000000000004,0.1785237788368118,0.0010000000000000009,0.0005000000000000004,0.1785237788368116
782743.008264529,0.0010000000000000009,0.0005000000000000004,0.17658289209751787,0.0010000000000000009,0.0005000000000000004,0.17658289209751787
783052.7702945892,0.0010000000000000009,0.0005000000000000004,0.17464200535822394,0.0010000000000000009,0.0005000000000000004,0.1746420053582242
783362.5323246493,0.0010000000000000009,0.0005000000000000004,0.17270111861893078,0.0010000000000000009,0.0005000000000000004,0.17270111861893053
783672.2943547094,0.0010000000000000009,0.0005000000000000004,0.17076023187963685,0.0010000000000000009,0.0005000000000000004,0.1707602318796371
783982.0563847695,0.0010000000000000009,0.0005000000000000004,0.1688193451403437,0.0010000000000000009,0.0005000000000000004,0.16881934514034344
784291.8184148297,0.0010000000000000009,0.0005000000000000004,0.16687845840104976,0.0010000000000000009,0.0005000000000000004,0.16687845840104976
784601.5804448898,0.0010000000000000009,0.0005000000000000004,0.16493757166175582,0.0010000000000000009,0.0005000000000000004,0.16493757166175604
784911.3424749499,0.0010000000000000009,0.0005000000000000004,0.16299668492246255,0.0010000000000000009,0.0005000000000000004,0.16299668492246233
785221.1045050101,0.0010000000000000009,0.0005000000000000004,0.16105579818316862,0.0010000000000000009,0.0005000000000000004,0.16105579818316887
785530.8665350701,0.0010000000000000009,0.0005000000000000004,0.15911491144387546,0.0010000000000000009,0.0005000000000000004,0.1591149114438752
785840.6285651303,0.0010000000000000009,0.0005000000000000004,0.15717402470458153,0.0010000000000000009,0.0005000000000000004,0.15717402470458178
786150.3905951903,0.0010000000000000009,0.0005000000000000004,0.15523313796528837,0.0010000000000000009,0.0005000000000000004,0.15523313796528812
786460.1526252505,0.0010000000000000009,0.0005000000000000004,0.15329225122599444,0.0010000000000000009,0.0005000000000000004,0.15329225122599466
786769.9146553106,0.0010000000000000009,0.0005000000000000004,0.15135136448670117,0.0010000000000000009,0.0005000000000000004,0.15135136448670095
787079.6766853707,0.0010000000000000009,0.0005000000000000004,0.14941047774740723,0.0010000000000000009,0.0005000000000000004,0.14941047774740723
787389.4387154309,0.0010000000000000009,0.0005000000000000004,0.1474695910081133,0.0010000000000000009,0.0005000000000000004,0.14746959100811355
787699.200745491,0.0010000000000000009,0.0005000000000000004,0.14552870426882014,0.0010000000000000009,0.0005000000000000004,0.1455287042688199
788008.9627755511,0.0010000000000000009,0.0005000000000000004,0.1435878175295262,0.0010000000000000009,0.0005000000000000004,0.14358781752952646
788318.7248056112,0.0010000000000000009,0.0005000000000000004,0.14164693079023305,0.0010000000000000009,0.0005000000000000004,0.1416469307902328
788628.4868356714,0.0010000000000000009,0.0005000000000000004,0.13970604405093912,0.0010000000000000009,0.0005000000000000004,0.13970604405093912
788938.2488657315,0.0010000000000000009,0.0005000000000000004,0.13776515731164518,0.0010000000000000009,0.0005000000000000004,0.13776515731164543
789248.0108957916,0.0010000000000000009,0.0005000000000000004,0.13582427057235202,0.0010000000000000009,0.0005000000000000004,0.13582427057235177
789557.7729258518,0.0010000000000000009,0.0005000000000000004,0.1338833838330581,0.0010000000000000009,0.0005000000000000004,0.1338833838330583
789867.5349559118,0.0010000000000000009,0.0005000000000000004,0.13194249709376482,0.0010000000000000009,0.0005000000000000004,0.1319424970937646
790177.296985972,0.0010000000000000009,0.0005000000000000004,0.1300016103544709,0.0010000000000000009,0.0005000000000000004,0.13000161035447114
790487.059016032,0.0010000000000000009,0.0005000000000000004,0.12806072361517773,0.0010000000000000009,0.0005000000000000004,0.12806072361517748
790796.8210460922,0.0010000000000000009,0.0005000000000000004,0.1261198368758838,0.0010000000000000009,0.0005000000000000004,0.12611983687588404
791106.5830761523,0.0010000000000000009,0.0005000000000000004,0.12417895013659064,0.0010000000000000009,0.0005000000000000004,0.12417895013659037
791416.3451062124,0.0010000000000000009,0.0005000000000000004,0.1222380633972967,0.0010000000000000009,0.0005000000000000004,0.1222380633972967
791726.1071362726,0.0010000000000000009,0.0005000000000000004,0.12029717665800277,0.0010000000000000009,0.0005000000000000004,0.12029717665800299
792035.8691663326,0.0010000000000000009,0.0005000000000000004,0.1183562899187095,0.0010000000000000009,0.0005000000000000004,0.11835628991870928
792345.6311963928,0.0010000000000000009,0.0005000000000000004,0.11641540317941557,0.0010000000000000009,0.0005000000000000004,0.11641540317941583
792655.3932264529,0.0010000000000000009,0.0005000000000000004,0.11447451644012241,0.0010000000000000009,0.0005000000000000004,0.11447451644012215
792965.155256513,0.0010000000000000009,0.0005000000000000004,0.11253362970082847,0.0010000000000000009,0.0005000000000000004,0.11253362970082847
793274.9172865732,0.0010000000000000009,0.0005000000000000004,0.11059274296153454,0.0010000000000000009,0.0005000000000000004,0.1105927429615348
793584.6793166333,0.0010000000000000009,0.0005000000000000004,0.10865185622224138,0.0010000000000000009,0.0005000000000000004,0.10865185622224112
793894.4413466934,0.0010000000000000009,0.0005000000000000004,0.10671096948294745,0.0010000000000000009,0.0005000000000000004,0.10671096948294767
794204.2033767535,0.0010000000000000009,0.0005000000000000004,0.10477008274365418,0.0010000000000000009,0.0005000000000000004,0.10477008274365396
794513.9654068137,0.0010000000000000009,0.0005000000000000004,0.10282919600436025,0.0010000000000000009,0.0005000000000000004,0.10282919600436051
794823.7274368737,0.0010000000000000009,0.0005000000000000004,0.10088830926506709,0.0010000000000000009,0.0005000000000000004,0.10088830926506683
795133.4894669339,0.0010000000000000009,0.0005000000000000004,0.09894742252577315,0.0010000000000000009,0.0005000000000000004,0.09894742252577342
795443.2514969939,0.0010000000000000009,0.0005000000000000004,0.09700653578648,0.0010000000000000009,0.0005000000000000004,0.09700653578647973
795753.0135270541,0.0010000000000000009,0.0005000000000000004,0.09506564904718606,0.0010000000000000009,0.0005000000000000004,0.09506564904718606
796062.7755571143,0.0010000000000000009,0.0005000000000000004,0.09312476230789213,0.0010000000000000009,0.0005000000000000004,0.09312476230789235
796372.5375871743,0.0010000000000000009,0.0005000000000000004,0.09118387556859886,0.0010000000000000009,0.0005000000000000004,0.09118387556859868
796682.2996172345,0.0010000000000000009,0.0005000000000000004,0.08924298882930504,0.0010000000000000009,0.0005000000000000004,0.08924298882930522
796992.0616472946,0.0010000000000000009,0.0005000000000000004,0.08730210209001177,0.0010000000000000009,0.0005000000000000004,0.08730210209001155
797301.8236773547,0.0010000000000000009,0.0005000000000000004,0.08536121535071783,0.0010000000000000009,0.0005000000000000004,0.08536121535071783
797611.5857074149,0.0010000000000000009,0.0005000000000000004,0.0834203286114239,0.0010000000000000009,0.0005000000000000004,0.08342032861142416
797921.347737475,0.0010000000000000009,0.0005000000000000004,0.08147944187213074,0.0010000000000000009,0.0005000000000000004,0.08147944187213048
798231.1097675351,0.0010000000000000009,0.0005000000000000004,0.07953855513283681,0.0010000000000000009,0.0005000000000000004,0.07953855513283707
798540.8717975952,0.0010000000000000009,0.0005000000000000004,0.07759766839354365,0.0010000000000000009,0.0005000000000000004,0.07759766839354339
798850.6338276553,0.0010000000000000009,0.0005000000000000004,0.07565678165424972,0.0010000000000000009,0.0005000000000000004,0.07565678165424994
799160.3958577154,0.0010000000000000009,0.0005000000000000004,0.07371589491495645,0.0010000000000000009,0.0005000000000000004,0.07371589491495623
799470.1578877756,0.0010000000000000009,0.0005000000000000004,0.07177500817566251,0.0010000000000000009,0.0005000000000000004,0.07177500817566278
799779.9199178356,0.0010000000000000009,0.0005000000000000004,0.06983412143636936,0.0010000000000000009,0.0005000000000000004,0.06983412143636909
800089.6819478958,0.0010000000000000009,0.0005000000000000004,0.06789323469707542,0.0010000000000000009,0.0005000000000000004,0.06789323469707542
800399.443977956,0.0010000000000000009,0.0005000000000000004,0.06595234795778149,0.0010000000000000009,0.0005000000000000004,0.06595234795778175
800709.206008016,0.0010000000000000009,0.0005000000000000004,0.06401146121848833,0.0010000000000000009,0.0005000000000000004,0.06401146121848807
801018.9680380762,0.0010000000000000009,0.0005000000000000004,0.062070574479194396,0.0010000000000000009,0.0005000000000000004,0.06207057447919462
801328.7300681362,0.0010000000000000009,0.0005000000000000004,0.06012968773990113,0.0010000000000000009,0.0005000000000000004,0.060129687739900906
801638.4920981964,0.0010000000000000009,0.0005000000000000004,0.05818880100060719,0.0010000000000000009,0.0005000000000000004,0.05818880100060719
801948.2541282566,0.0010000000000000009,0.0005000000000000004,0.05624791426131326,0.0010000000000000009,0.0005000000000000004,0.056247914261313516
802258.0161583166,0.0010000000000000009,0.0005000000000000004,0.0543070275220201,0.0010000000000000009,0.0005000000000000004,0.054307027522019845
802567.7781883768,0.0010000000000000009,0.0005000000000000004,0.05236614078272617,0.0010000000000000009,0.0005000000000000004,0.052366140782726424
802877.5402184369,0.0010000000000000009,0.0005000000000000004,0.05042525404343301,0.0010000000000000009,0.0005000000000000004,0.05042525404343275
803187.302248497,0.0010000000000000009,0.0005000000000000004,0.048484367304139075,0.0010000000000000009,0.0005000000000000004,0.0484843673041393
803497.0642785571,0.0010000000000000009,0.0005000000000000004,0.04654348056484581,0.0010000000000000009,0.0005000000000000004,0.046543480564845585
803806.8263086173,0.0010000000000000009,0.0005000000000000004,0.04460259382555187,0.0010000000000000009,0.0005000000000000004,0.04460259382555213
804116.5883386773,0.0010000000000000009,0.0005000000000000004,0.042661707086258716,0.0010000000000000009,0.0005000000000000004,0.04266170708625846
804426.3503687375,0.0010000000000000009,0.0005000000000000004,0.04072082034696478,0.0010000000000000009,0.0005000000000000004,0.04072082034696478
804736.1123987976,0.0010000000000000009,0.0005000000000000004,0.03877993360767085,0.0010000000000000009,0.0005000000000000004,0.038779933607671103
805045.8744288577,0.0010000000000000009,0.0005000000000000004,0.03683904686837769,0.0010000000000000009,0.0005000000000000004,0.03683904686837743
805355.6364589179,0.0010000000000000009,0.0005000000000000004,0.034898160129083755,0.0010000000000000009,0.0005000000000000004,0.03489816012908401
805665.3984889779,0.0010000000000000009,0.0005000000000000004,0.0329572733897906,0.0010000000000000009,0.0005000000000000004,0.03295727338979034
805975.1605190381,0.0010000000000000009,0.0005000000000000004,0.031016386650496663,0.0010000000000000009,0.0005000000000000004,0.031016386650496663
806284.9225490983,0.0010000000000000009,0.0005000000000000004,0.02907549991120273,0.0010000000000000009,0.0005000000000000004,0.02907549991120295
806594.6845791583,0.0010000000000000009,0.0005000000000000004,0.02713461317190946,0.0010000000000000009,0.0005000000000000004,0.02713461317190924
806904.4466092185,0.0010000000000000009,0.0005000000000000004,0.025193726432615526,0.0010000000000000009,0.0005000000000000004,0.025193726432615787
807214.2086392785,0.0010000000000000009,0.0005000000000000004,0.02325283969332237,0.0010000000000000009,0.0005000000000000004,0.02325283969332211
807523.9706693387,0.0010000000000000009,0.0005000000000000004,0.021311952954028435,0.0010000000000000009,0.0005000000000000004,0.021311952954028695
807833.7326993988,0.0010000000000000009,0.0005000000000000004,0.019371066214735277,0.0010000000000000009,0.0005000000000000004,0.019371066214735017
808143.4947294589,0.0010000000000000009,0.0005000000000000004,0.017430179475441343,0.0010000000000000009,0.0005000000000000004,0.017430179475441565
808453.256759519,0.0010000000000000009,0.0005000000000000004,0.015489292736148075,0.0010000000000000009,0.0005000000000000004,0.015489292736147853
808763.0187895792,0.0010000000000000009,0.0005000000000000004,0.01354840599685414,0.0010000000000000009,0.0005000000000000004,0.01354840599685414
809072.7808196393,0.0010000000000000009,0.0005000000000000004,0.011607519257560206,0.0010000000000000009,0.0005000000000000004,0.011607519257560464
809382.5428496994,0.0010000000000000009,0.0005000000000000004,0.009666632518267049,0.0010000000000000009,0.0005000000000000004,0.00966663251826679
809692.3048797596,0.0010000000000000009,0.0005000000000000004,0.007725745778973114,0.0010000000000000009,0.0005000000000000004,0.007725745778973374
810002.0669098196,0.0010000000000000009,0.0005000000000000004,0.005784859039679957,0.0010000000000000009,0.0005000000000000004,0.005784859039679698
810311.8289398798,0.0010000000000000009,0.0005000000000000004,0.0038439723003860227,0.0010000000000000009,0.0005000000000000004,0.0038439723003860227
810621.59096994,0.0010000000000000009,0.0005000000000000004,0.0019030855610920883,0.0010000000000000009,0.0005000000000000004,0.0028735289307390555
810931.353,0.0010000000000000009,0.0005000000000000004,,0.0010000000000000009,0.0005000000000000004,0.0019030855610920883
